Lighting_Condition,ResNet_Accuracy
Bright,0.4943181818181818
Dim,0.40350877192982454
Overcast,0.5294117647058824
